,0,1,2,3,4,5,6,7,8,9,10,11,12,13,14,15,16,17,18,19,20,21,22,23,24,25,26,27,28,29,30,31,32,33,34,35,36,37,38,39,40,41,42,43,44,45,46,47,48,49
0,-0.4978679717845562,1.3219469606529488,-2.9993137510959307,-1.1860045642089614,-2.119464655097322,-2.445968431387213,-1.8824387317339746,-0.9266356377417138,-0.6193951546159804,0.23290040402014167,-0.48483291358023095,1.1113170023805568,-1.7732865016108954,2.268704618345673,-2.835674440812443,1.0228050610704136,-0.4961711857972384,0.3521389706745097,-2.1576783684285976,-1.8113910654907273,1.8044674120532198,2.809569454316385,-1.119454931044543,1.1539356940158845,2.2583349137762294,2.3676399810230837,-2.4897347317813328,-2.7656713006027056,-1.9810174826125866,2.2688550205764786,-2.409918997001699,-0.4733542499696872,2.7473371809030116,0.19899170983810244,1.1512626837028401,-1.1069062139636223,1.119005566089502,2.0077540313842377,-2.890270335934849,1.5008658896698046,2.9331665334389685,1.4889939262790364,-1.317336047613569,1.7356759707089306,-2.380643960534148,-0.312638842944569,2.451573018558573,-1.238315109757923,-1.2733479684819076,-2.219828567290334
1,-2.8837982527782176,1.0730131976393462,-1.7302313039996458,-1.4067200437666427,-0.05056104431797026,-2.6798247292975175,0.4447056329520782,-2.119628550565139,0.5358332214197055,1.1985501601255866,-2.385993427033045,-0.5156640730825899,1.1664009463664708,-0.5149243828385841,-2.7002792463234773,0.21537843549306945,0.9827678713187327,0.08933467234985137,2.6675685359448797,0.5193302430119573,2.420411491727301,-2.1751517751225746,-2.1643419164954487,1.8443477322571429,-0.6139389780867983,-2.0078748172984033,2.5650514823762034,-0.9134048415269609,1.5048726188169335,1.3559879121027087,2.299836547234859,0.7420332423336533,1.5056546041640235,-0.906609948132945,-1.3804326494098436,2.375317309176401,-0.43145286077223055,2.789040282890314,0.9806489869106887,0.7301743212547307,-2.311524162279749,2.6969355522424276,-0.30052719912035686,0.4703376863227904,-0.5511791834323132,-1.5778381185418338,2.4202771233735225,0.4420769200337151,-2.982778037813046,0.7028694817243433
2,-1.040130589367423,0.16234861354565577,2.3156525958646466,-0.8563814399850012,2.4512109055187956,0.7401606947508164,-2.9050725429206623,2.576623402462568,1.1453815051015432,2.9839371027088832,-1.9659569499280287,-2.1771855022267337,2.595572778222982,1.1809089689394012,-2.603998963667625,1.5327783156147987,1.5232571307674778,2.5381472132789,1.2691485517708303,-2.254374228167012,-2.8807191969612265,-2.8427340787336846,-2.8301610718752324,-1.5227335943817246,2.1601676920973283,0.23298638604991684,0.31693187211459506,2.0521853541576345,-2.254960109280533,-1.324897925933163,0.5145556287497275,2.817574489918047,0.3661813155342597,-2.888116263762342,1.803796036083698,-1.6021543569538774,1.8426311737126753,-0.6728361356149692,2.181251127356572,1.4827298564231075,0.3374414039425133,-2.18126864603589,-2.6404938629267303,-2.271939265555576,-2.7326887287314294,-2.3550352253634426,-1.6457439683528718,1.2779338822960602,0.3583018923248549,-2.924664119045305
3,-2.568154321863079,2.803657980001632,0.40860277151965274,-1.7802405920340572,-1.4860455325780595,1.4629551244505574,-1.8274231133440872,0.48815356363954665,2.820119934529874,2.0809728089402117,-1.560913445114483,-0.03738171438762006,0.7197343102882785,1.9738853973010722,-2.0592516321234946,-2.8885427869355427,-2.579867137684666,-0.08192933437780914,0.6379767699199821,0.41310862251888825,-1.0958255440670355,2.931696926474693,0.4784713154747813,-0.7191529642586976,0.30568931470738114,1.4720065854390123,1.015397360719108,-1.4104826540231437,-2.6019909934293506,-0.7794948125153622,0.7783050421293867,-1.7389559405109625,1.516533322432883,-2.6007811118753104,-1.4381094085287542,1.8285273824600727,-1.8393943042600336,0.8367652852796406,0.14802185474240215,2.5488478223961044,-1.4202193770773341,-2.6042334558958573,1.410395779732017,1.6330681772594806,2.446895115021144,2.591832415181024,-2.916290562146418,-1.593827483271477,0.7006701420099457,2.694097924125699
4,2.701056715482478,0.33991912917093847,2.493638098597647,0.849397253678025,-0.6599537151525228,-0.08405599741854175,0.6258628975198395,0.29728752905137545,2.5570885602387214,2.5124006138016366,-0.6307463224586707,2.7795751706442706,-1.9562659999172138,-2.242022883362176,-2.1895250517196123,0.03397299406138021,-2.870851168354812,2.687821267306086,1.9626928270243944,-2.9098861155472657,-1.9428224665496685,-1.0076185537989781,-2.2140189311344987,1.8569441527594925,-0.931580083900239,2.6406448940002027,0.4920850796824805,2.2729919064710646,2.0684066723533316,2.4323539122518953,-0.24071840509915798,0.27808089612223963,1.7916215469122365,-1.2856868895951146,-0.05847886428043392,0.5946618458752702,-2.9068003466949857,0.5608884491798234,-0.39794190606325053,1.8441631733090489,-1.1085311814277623,2.3573322511509076,0.46714329170721314,-1.8959387902352096,1.7275754029530255,0.6721870622696038,-2.676544367557482,-0.47883791999320646,1.074413019392578,2.5116106678651553
5,-2.9975878506518554,2.8605548941863574,-0.7405181115253532,2.8427012301499355,0.6282966058443185,1.973074847884158,0.4482690282486139,0.7684571898441024,-1.2865423098258364,0.5210000439364979,1.5001305822159594,2.149883018574254,1.5304931308060805,1.1883434906838177,2.186876580327599,-1.0639140189795213,1.0247327447255232,-0.294756381519905,-0.7073834878108967,-0.5351319004668866,-0.5911224991827564,-1.0956963242503386,0.7315162075218087,-0.4185163750724139,2.8428124675635136,1.0668053486058664,-1.8085806694373348,-0.43979394391180326,-0.9399225613534616,1.7858328237513996,2.2799897313805904,2.423051734958232,0.9763188742515734,-1.3787504278214533,-1.4857997909724616,2.1293876561844147,0.16628787785248011,1.8129665040275889,0.4349311031496379,1.3988551517250665,0.11406976478433517,1.6253034630113277,0.41314794422829326,-0.20574072844811475,-0.9438665522803094,-2.5907439094997753,-0.7324549240314009,-2.522243533810486,2.8969026823826702,-1.9103228920154174
6,1.871152186323238,2.2497698697353883,1.1304795143156596,0.41696647647225404,-2.0341713791063474,-0.19871986342016212,-0.9289676930687101,-1.6497602531154925,0.5550712125947808,-1.1263809737884982,2.4978333208101047,2.4578131497093425,-1.4572902373068228,-2.334652195535825,-1.842223607885323,-0.0024949759266839067,1.3715140078475772,-1.750833369547251,-1.5117986497366156,2.110031249618202,-0.5049076903948357,0.7001104029314171,-1.5980031645644996,-2.3881964434452154,0.0951421018111791,-0.1371540777013056,-2.0839701354410205,0.7308373904424927,0.26406071288362876,0.924824081824466,-2.132726759252041,1.5091669028114634,-1.6677051612004639,0.11611094619619777,1.7117761693297133,-2.866017432049163,-1.053825241642881,2.2375342584006663,2.0682576456124178,0.23064355556726213,2.199649644999078,2.6988359481217596,1.958441985776048,2.124692663019232,-2.40753958907791,0.9078259940459463,1.2211019289159175,0.661444875879778,1.797691570416168,-2.7925726807701947
7,1.6214324073298796,1.3903716044371617,-1.4418096402098814,-1.4575842070671199,0.7938199045807668,-0.9282152304535107,1.779532068043725,-0.3231226079792564,1.6964964887050318,2.942830701743044,-1.1985099627965996,-2.141965030451404,2.407850618095643,0.24935627332423937,2.8484422251304933,0.8196264000113835,2.9634781476628733,0.2764248248577097,0.1585556034331277,-2.1874325815669806,-0.8657689740967136,-2.8426885962217603,-2.0376289228821056,1.4738231562449764,-2.817601860427267,-0.8007414165375337,2.1740775170282642,1.156066305044126,1.1456528523970118,-1.8681791942681347,-0.3485743155094596,0.4894644440657472,2.938510245982231,-1.776562648601269,-1.513602589425871,-1.4269614973625284,1.5010344797879567,-0.25814803538584297,-2.65842336953343,0.05109744366143776,-1.7282390121379443,1.7916254685612607,-1.2160117109563666,-2.8343639282729782,0.5605946967877262,2.0630425735871327,-0.7139032556267146,1.4991498643568608,0.06684886978276916,0.24571082977313186
8,2.756605926370515,1.8237653489918806,-2.8060616002585563,1.256323507387771,-0.20999111061896336,2.6852936483705987,-1.6714035940590701,-1.3975678818938053,-2.511156210736428,-0.428287028017281,-2.3458874158855902,0.8027205636715071,1.8177794242424277,1.180802976721071,1.5972682864546233,-0.9452752809388811,2.075108898166066,-0.42738735000334493,1.9440592224739124,0.7589769517457627,-2.1394617079785307,-2.5296786008703123,-2.8900041425219563,-2.599650014163861,-0.24849711774940886,-2.319948463394457,-2.83329990690798,1.529168888342804,-0.6308971172361635,1.4816309736451512,-0.2855710395212907,-0.29947951799543304,-0.13156495969301396,-0.1559764406268358,1.818980052685018,-0.585644880853585,2.428116962061738,-2.777633712275785,1.6432460563225124,-2.246151713173567,0.7110814014725131,-2.9378144319886084,0.23176369545808173,-2.9818922602824216,2.7071627129412272,2.4324122022166685,1.775801651653616,2.4916459194887253,-2.126650613049618,-2.0536195807768003
9,-1.874209962585396,0.7349754137995266,2.4348569760498115,2.9397310701544423,1.2667347525948953,1.3908024548537714,2.455759227265527,-0.5947576057732746,-1.5008959186497794,-1.9594189752772628,-2.283257697997626,1.8756635281969718,-2.119245759496541,-1.414215103638596,1.9145350718011844,-1.13647648923474,2.8945046957576572,-1.4001677870901887,0.20192006982726873,-1.1131979328849022,2.4646369870430247,-0.8006601368925934,-0.3984460363610127,0.07375615367016852,2.63331886421828,-2.814305962373096,1.3012719817901353,2.3461137257540337,-2.836276658895187,0.13230748351506438,-1.0440611293798483,2.1569359251935154,0.35109930553510704,1.1413672089764866,-0.2828790002907753,0.7698542251281428,-1.259418889875445,-2.943908532200905,0.4605356099225446,-1.131334715205223,0.10360559100677857,2.4984351183233864,-0.44115126899162416,-1.5156237803856876,-0.7722374323256735,2.5911666998192437,2.621210287854562,2.065979691394279,2.5212390858339626,-1.6325982602920983
10,-2.475106742678455,-1.6361415822918675,-1.1137403033156974,-1.9514047418621305,0.642564971834763,-0.5184815099930322,1.8981090709632849,-1.889217610385816,1.2112591785378628,-1.5578662509051668,0.445314533045158,-0.906074416675267,-2.658213603103004,-1.6271179742377448,0.9846153321287607,-0.016499439836812346,0.11409590444207263,-1.951679099346465,0.424295109277538,2.98052055124926,1.901010652749731,0.5662357429858664,2.85593440998543,2.409375508015928,0.5736476016158729,-2.8054420481132576,-2.4385374250951157,-2.6077697097466417,-0.28960110785114823,-0.7473910009928533,2.852100205621719,-1.9921002408023105,2.836725551595931,1.6048492131780785,1.9454270377469864,0.7956949006679839,1.0123966212403923,-0.13870599887283985,-2.9211818584615665,-0.8819634867490516,-0.047569191038649095,1.380547266540626,-0.18822994352334455,-0.25557050346341015,-2.1740235543263813,-2.934667597179126,1.5496695628619772,-1.0802829715339297,2.906300701161064,-1.678594643045064
11,-0.967751847109922,0.14337681399678992,1.5293487423631964,-0.21685329659822639,-2.2510647413299423,-1.124991729047703,0.027115018205967623,1.0430940481012057,1.620899737872553,-2.217985314273874,-2.862509212065709,0.11449393327193658,1.859932263974498,-2.9243773978207424,1.0348190679224034,1.1208493599419507,-0.3045194784801746,2.4887321204516057,0.8661665085419576,-2.968560974091205,-0.09342932691374628,2.1559068365856,1.9823974202240366,0.8949251826748674,1.04219054339179,0.47099747873520315,-1.355281348998887,0.3631799432163527,1.0303787089045215,-0.8854222187015468,2.134970203523567,-1.8297750839477562,1.4839248619915395,-1.2623835228787355,1.6427957234650918,-0.43357602398354267,1.8461904546732573,-0.8787908239920577,-1.7178405742225131,1.6037070505305993,-1.1481483142160933,1.3994704063585655,1.4668389184663928,-1.6716197945507936,-1.7153271790761093,-1.8063124594375999,-2.144889973404932,-0.7375044047559953,-2.840232691850271,-2.3344777857945562
12,1.047384142580463,1.7986592213843178,-2.5168228372296846,-1.6097861370852478,-1.7542460291771138,2.504001378489784,1.26788710881892,0.3233076663084855,-1.1728920724762786,2.009124285790791,-0.38816425422288026,2.5407372907126513,1.2363108260155986,-0.13181215220829978,-2.242739377503848,2.8562613028064856,-2.04099809793544,-1.7843872486820245,-0.41290946903777437,-0.5747885653491167,-2.1194911154142355,1.3759135161667402,-1.8675295987368843,0.8633738658699768,1.5258357034577923,-1.7356056475000756,0.6057254886458399,1.4935702514750187,0.8293122637220005,0.5827638176798944,-1.2271062860670177,1.389638827449053,2.6718506399996986,-0.4466316584307184,1.693090900988432,-2.663153762028508,2.011629614939795,-1.8464998990671138,-0.6294187866601608,-1.1995137244478613,-2.519378137163704,2.427786017617457,-0.7790749346775705,0.18418463085683712,-0.035302404622049366,-2.2070331483423713,-1.7612756466634019,-2.542867145806073,0.04753019967172456,-1.4307026890020773
13,-0.8576303467032487,-2.351608027816579,1.7253110379150431,-2.3604967392671936,2.914252942279127,-1.937033013369496,0.43443067460789564,-2.730927992465471,1.7226977379350048,-1.8623643130902208,0.16742387044875962,1.4404652589544291,-2.1004110904964644,0.30652304512183015,-1.7002967500273236,1.5551762959028679,1.3374911613372822,-1.940705794337502,2.171799346002441,-2.881349402901934,2.1614219845386913,0.3534228669656301,-0.5806771673649047,1.5524815861340198,1.3015740101548197,2.923957048850559,-1.3314897083221033,-2.9772379655439445,2.6034156498893264,2.147382627227363,1.3731052651155355,0.10013269752923026,1.2417374714925664,1.683177341260457,-0.7507443387788437,1.6219351519797458,1.5037459150510522,0.6792672692655586,-0.5888044561929755,1.1838481155860459,-2.981322853048847,1.6493798803475865,2.3784996147410817,-1.5641057553749722,-2.2753968941446217,-1.6782960732376344,-1.1874196122594103,2.2981710513830054,0.25899858142856713,-1.2797301023614165
14,-2.1698718612423207,-1.25913322137275,0.6832265384475154,-1.0551688206153202,-0.25583890985400926,-0.33529735790031356,1.9688121643890728,-0.44191107458261625,-0.925807072946986,1.0498296288546314,-1.6711076655988275,-0.1965250564406773,-1.1114058760559014,0.7611336129770079,2.2641628481688754,-0.3138659991262287,1.7067445127515386,-0.25820579663069765,0.9373759903027885,-2.2089541498349874,-0.40211095819411113,2.45587193192962,0.6328740061856077,1.6006475234226123,0.02820364857536628,-0.011666251031955177,2.0573990411570993,-2.5931583939542775,0.43963362929810756,2.6565754525976955,0.10716028903393138,-1.833205142832693,2.087636354660857,-1.490165145864883,1.204356218895228,0.24156564238139921,2.6930177296813174,0.7460202144160553,2.027867772286376,-2.952402742832861,2.9360403369998282,-2.533712578005681,-1.0672229183113824,2.676914372740592,-2.9463653857725296,1.9363800325316127,2.167269830200766,-0.36101511474856496,-1.4655288371644128,1.8161371177997916
15,-0.1328279734066733,-2.193968348065823,2.567093956950065,2.3758198020398904,-0.05072909989838781,2.1402149791067533,-0.48853184541540795,1.1007894009978063,-0.6120561635524653,0.034452104704862485,-1.8626897829964362,2.789933544665483,-1.2347058705344718,-2.379242663301592,-2.1341075986257114,-2.9154462348453425,1.2956741967743675,0.38698992144524436,1.7674701071085135,0.04247953970481877,1.750926237024923,1.1745852856310366,1.6670908611550521,-0.5611027861374822,0.8866237991248873,-1.9212342138421536,-1.0690802196725762,-1.964372279281245,-0.5481766499204257,-1.5514875122064071,-0.5584680352238527,2.851334054623873,-1.0780840450678124,2.8949456698493723,0.8178367551359012,-0.7494538896365341,2.1449069945015795,0.7175204362114425,-1.4878015192149638,1.757134067861326,-0.4023689475950216,-0.8549329960173515,-1.0183383808495143,1.1842132536788368,-1.3880992565626407,1.8496680822322809,-1.2282672336009133,0.2647283015121431,-0.07247104916878566,2.1321384755722184
16,2.330318606372315,-1.8936933457933995,0.5120907536295061,2.389230276102823,-0.3232966857934221,2.531209832902892,-1.3260546572581746,0.6529870451627744,1.0947222586008927,-1.6307655998970954,-2.917394924653699,-0.4996562257758237,2.630891351140404,-0.9418313410175605,1.6784657728955992,-1.9515821230355554,-0.9482829821852854,-2.1324136749714198,1.300624884878256,1.195845742180885,1.1309839076935129,-1.479623793082202,1.154160729740453,-1.6362147545043026,-0.45210530441196184,-0.7684672699938764,-0.868152530279267,-2.6540711565524617,0.7898797611956381,1.2438996160901965,0.6815321670170134,0.8898765369787474,-1.9803557146964534,-2.103319206366825,0.08505026115529724,2.2519963581272346,-1.8962793507166678,-0.22296528775044067,-0.42640599582058236,-0.016264884482902087,-2.0309353770839285,-0.9453561531911365,-1.4287175753788788,2.0671616593768736,1.8019934746584099,-0.44016505039113873,0.6420927647342332,-2.1272063384026803,0.05767976530535179,-1.2183174852785728
17,2.157905721415206,1.0295902854383394,0.8008440757345259,-2.2514921995849244,-0.17647272300668604,2.919436677521289,2.68979504443599,0.8705138415626612,-2.0896507738081582,0.8347610923194297,0.39397267526356483,-0.18800497403248784,-0.43177518319037933,0.5956185339481808,2.0998193310957927,1.5067262422316245,0.4761632417833983,2.548225089216168,-2.611560099350707,2.948079052390854,-2.682032743992063,-1.8030267231686319,-0.4634840301326344,-2.354946742888994,0.7420224659862109,-2.7120446157067963,-1.2922567139583472,-2.6337799132819733,1.2211159866304868,1.0107370055368925,-0.7285164404963869,-1.8708344398210728,1.4820289741796708,-0.9577242554071965,1.7718070044338567,-0.07259436492227822,0.1540166661058766,-2.8290549030505967,0.8653921192741905,-0.8960609854069954,-1.6247698362476057,-0.3966997427297967,-0.7051952563744948,-0.18126575948183854,2.876900125078838,-0.8137315777906173,1.6464608000162366,0.3166055792993552,2.3347865346448966,-0.8702828931025683
18,-1.5268879188809552,2.4661154379418093,-2.738794417453408,2.7045205683660134,0.33844149402555157,-0.7418206998774748,2.9703139340346665,-2.64982412311421,0.10023815860567264,-2.813417547266713,0.4270544351174008,-1.9171889460293066,0.7857552020371825,2.885542054503489,2.249415307274285,-0.2889825034747764,1.2507652203103028,1.6648125000191358,-0.03094149490461806,0.17120094106539074,-2.0952936097668444,-0.7836004463285624,-2.14667248156328,1.3613625200673756,-0.13792203358642086,-0.30672697975940677,2.3159878269921075,0.16571263386936863,-0.5454550084988403,-1.3866478667241249,-2.5679277889813803,-0.49118319764810536,-2.8454791055605,-1.2530763566854317,0.021057059090378694,2.795598390118334,-2.3437025148384922,1.038246325299732,-0.0004057734048004136,1.662589375654698,-2.138358012754744,-2.5007841813847467,-0.6046883678852772,1.7817735118794005,-1.8499455665406594,1.6066631528836446,-1.2582120176287908,-1.698651074329228,-2.899706465537961,-0.6080456404657277
19,-0.7135110522392858,0.9560696171721883,-2.574489597177677,-2.084376077746369,-2.900544702594395,-2.3172218613155593,0.9107356560605426,-0.5840588869504848,-1.0738421149961048,0.3474719654626348,2.9607627785990998,2.006919084108178,1.1977390943975035,2.5095515347923474,-2.761627759901491,-2.5779993503068486,-0.15596226007167235,-0.9049955222575363,2.6235123727706933,-0.06261023312898839,0.23789466056010333,2.371562194387325,-0.3201897250578569,2.2622063356221114,-1.4785095037702298,-1.3571417750513486,-1.0298316594744592,0.28538562288572056,-1.6792279558381127,1.0285750264876397,-2.1432403031819973,-2.4353983530021637,2.221150477232266,-1.578787778658009,-0.6839759338644269,0.4292525563519938,0.15481181970881996,-2.543856723347359,2.24475561358817,2.7068137105121526,1.8750438250480306,-1.2971889903187543,0.16708077670775712,-0.9634996558943429,0.3280038647260004,2.846420813478016,-1.1297824936861116,1.0127796355372185,-1.0441967561460848,1.646863596090478
20,-1.045140200320771,2.3389640486842502,1.5102463255156007,1.5757925726706645,-0.18312582864044558,-1.7354129851877678,-2.7511495225410068,-1.069027200178533,-2.7773240130360337,1.1631324682433988,1.0221001916170103,-0.4171693035301498,1.606733865949038,0.21605096843738192,-2.760840440187285,-2.191241292235926,-1.8395016059104898,-0.9860171930121013,-2.6861223213751395,0.6307006830021971,0.0723661651435128,0.7047660721029363,-0.40586643141393575,2.086202809424626,-0.27564566364509213,-2.9075788812484746,2.2384088906825967,0.9372092864645936,1.9380182438908253,2.71065415820311,-2.6945256988986768,-1.5895688154539127,-2.619939339261961,-0.4700526838052945,2.182974873008712,-2.510256103709591,-0.1613282826847291,-2.246741341147658,1.637313613002707,2.0485329407750603,-2.7402543708830485,-0.08135554097763142,-1.5635337351734644,2.7148426901595553,2.663355766702777,0.6836040143082052,2.8409243839511777,-0.9308319377024938,2.3871043060060906,-0.392430159548943
21,-1.5851121771149177,2.6449677792083968,1.1053083058993654,-2.610530487965224,2.222549140938397,1.2082817678000772,0.6295612378456905,1.394249395075983,-1.4793657450013153,0.6029337316472665,1.8877150875699318,-2.675318038056001,-2.2169359719644044,2.0546748597384816,0.7100752159673132,0.18772686288634777,-1.5102556260174085,-1.2295285485030247,2.2361169895167716,-0.4700043909017442,-2.613418466522359,2.3819104170454946,-1.7797150030556936,1.9573652129543486,2.290623738496844,-0.0794955310899712,0.5907881586278183,0.1636047389125017,0.7489277651129944,2.1302503280841085,-1.3071633095708364,2.302533049083605,0.4061419807148958,-2.3093817541985797,-1.6379930087120522,0.5758943136780825,-1.5633225785719178,-2.2115060367752366,-2.028913715256989,2.069235109414434,0.6131019233562647,2.781402523130051,-0.925924720223847,0.5737505888096983,0.5939117338405184,0.6942257232236928,-2.6449367568856657,1.5019031074481148,2.6892569891257514,0.20807434307753248
22,-1.8446638742695896,1.517555489879653,-2.9560861840328174,-1.030463378095315,2.5056380858663587,0.5302039973632606,2.131141703424812,0.6280323140951265,1.9354689151432263,2.2769011405759016,-1.0740817528532807,-2.2622713706869293,1.3278200651194254,-0.35791747901257054,-2.2395857451479486,0.5389418886593349,-2.7835901125808404,-1.7989073015340784,1.7298071380078133,-2.927419439907853,-1.1799259697485855,-2.871744233471576,2.984909956369977,0.4921798580607706,-1.2397423290836602,2.5736967713586942,0.042716541289227195,-0.27184663468555836,0.5272290377771185,-1.4151741347365823,-1.1682702039154003,-0.7700725396549055,-1.5333120037703347,0.5072835966997786,1.1750768035939583,-2.568316679015993,2.8264999177527823,1.5184239352167292,1.8369789777204497,1.5098424244877435,-2.519634136372696,-0.10982230187293762,-0.3259622615900639,1.0348359031495793,-0.3075764470540685,1.2258803903034572,1.0898720256157377,1.1828911725165376,0.7116044553692182,-2.0941156003221253
23,1.5648147378345367,1.6862749331637419,2.4246179154828296,-1.5973878443753644,-1.9399266415659515,-0.6534052613594254,-1.0766120760290387,1.8928615740337573,0.6811553980105898,1.5600105140984937,-0.4340094018182148,-2.4033566225064646,-2.3097899276985228,-0.7595572095768279,-1.836913394942957,1.9244789917376295,0.5978160505423009,1.1330715541119902,-0.0533402321742229,-2.470957912546914,-1.589534179882978,-0.23038751465026763,-1.8084509816764425,-2.847142585327078,1.376386189536916,1.3495004833147153,-1.0176495218297834,2.0609647563819333,-0.4293451442935594,2.188116868581206,0.9423925477373372,0.48621394450854094,-1.795635071789454,0.17727966287036967,2.3665945105654345,-1.1700361449887038,2.22567365496632,2.452471637150329,-1.020932623908706,1.098446198019385,2.395325697395813,-2.54581870945018,2.271527179228623,-1.8549638203891163,2.0986134601075843,1.0027127321952234,-0.9339648272996768,-2.091746580043206,0.8122257689307206,2.0867282622884495
24,1.9310962485840637,0.7694375827839468,2.7378090585313926,0.5395387624546188,-1.8130032921124841,-0.424015664301046,-0.9795240077929961,2.9516700714436865,-0.7185810232964114,2.9562052419889078,0.11282550440048489,-1.9663217911372473,-2.552555572491121,-0.7781658373566742,-2.2594868411116207,0.8071122977510496,-0.5164809256235467,2.945493795152701,2.579733741919907,-2.1045838061415,-0.6307064247791971,-0.23052173422568334,0.3656925307316712,1.6821811397356115,-0.07683654555945729,-0.4800386879385554,-1.4280017716839861,2.4648368345205505,-2.866370930803175,1.9267313893137876,-1.869189602001489,1.1145413950352836,-0.8687436639621375,2.8452757673705484,-2.2633672233034803,-1.8745806442965627,2.3366548527868733,0.5004378876493671,-1.1445216920473222,-2.995413687130872,-1.6344135700664817,-2.127578194972586,-1.7793970537794563,2.3779353408240276,2.238566269617843,1.2017366258006987,-0.17701394308674567,1.9628160139937298,-0.025041617488725798,-0.8190679002905688
25,-1.3463813834348475,2.54844488123023,-0.678064594462247,-0.04271475941207825,-1.4733713861134674,2.3097991130283795,-0.7004192591682799,-1.2145517081167485,1.3055697731685267,-1.8547803409661554,-2.2908442239177695,2.0219866932810735,1.464815528217211,0.5431232858827029,-1.542650550210776,0.7394828711255044,0.8301319244470378,-1.0345833353260492,-2.5950639415947463,2.283231585385961,-0.2402596135544499,1.583236308398579,-1.476668274343562,0.5483230936051013,-0.4272290379072139,-0.7073961447051627,-2.2397196969184634,-1.534400020746145,-2.523950502250086,-1.1828501716945286,1.4502288013893327,0.690094349826293,1.0344665936035549,-2.9497015228498107,1.070261833507919,0.019084143257322328,-1.614549297094925,-1.9506209461084667,-1.890102206695021,2.065560030450591,2.8955387358305122,2.48243774904979,-0.9157834777631231,1.681347478148182,0.2787275442085839,1.8986543853356261,-0.09763829286656467,0.5397077897964224,1.7235806851455688,-2.398592141381206
26,0.22204270104324397,-0.8040999199820744,0.6258410620132331,2.7528150938220026,-0.6430623300182252,-0.6421620123503011,1.7438219615375932,0.8704703945125587,-0.6366959528677412,1.1337302893815089,-0.5759903456737261,-2.1833210745112677,-0.29614038796719333,-0.9934836438163641,-1.6921864196329925,2.554648809818639,1.1378363944773469,0.5929253437405313,1.4799448327380302,0.251826370628649,1.2031984357170158,2.583358915499071,2.175700167031332,-1.9953488549608722,-1.4211658564567546,-2.570338323349173,2.8720368309500817,-1.5816954080377466,0.9635901355715921,-2.462215806435228,-1.7353743474778875,0.016946301110427164,-2.3702779900204316,-0.666759583831654,0.22792632083808506,-0.9647748906894003,0.3354012667594528,0.22060993165478404,-0.6563370075785651,1.1776204986066174,1.0708947239875446,1.1238188962463393,0.3689475527962456,-0.8515205159223851,0.6786740122020736,2.6144175996491983,0.5813311496758384,2.8775410461565514,-0.35396027754677295,1.4376717750452803
27,-2.774376728102399,1.588359834002917,0.10968948196087425,-2.968100802233381,-1.336799371304409,0.20899339511886872,1.6077772696878698,-2.681444427284849,0.2943206631031181,1.805967334790136,0.8974983292708734,2.588682089957464,-2.551611329911433,-1.3391612243964803,2.5154250255370343,1.5900308897888573,0.5984420668325923,1.9978088630224224,2.376260949450012,2.836322117116949,2.9911230425388355,-2.162103997895379,-2.5767477315378047,-2.5592000738392597,-2.9115372546003186,2.8309204378675563,-2.4313985012566253,2.050420957115098,1.1110379814461977,-0.07465699510249113,-0.9198307118485309,-0.8781132775979694,-1.4769667059168767,2.466107842191759,1.3538552729692137,-2.8444452432943805,-0.2308724805173128,-1.3121923647791318,-2.826202882932609,2.3080913658557662,1.6260321477280932,-1.0215895245344344,1.7793515252202665,-1.0521700667820204,-1.1527053370941196,2.5686544710043577,2.861496971675101,0.14133182830135693,2.7116110054075495,2.327978963558788
28,0.10819536956645237,-0.7635071874150863,1.2621274699176563,-0.2661394521476761,0.6312773707392774,2.94243718133968,1.6434974997388103,-0.9943415700370424,-2.466010675065732,-1.8905664583295498,0.16111125535100612,-0.4973854913588518,1.8039579487754382,2.5992140291200903,-1.9328115122919087,2.1604006252572976,2.744369557960013,2.756823641098693,-2.7728244736774172,-2.6544989663509577,-2.965215642493866,-1.1239130630671414,-2.665809523727372,-1.236825087176735,-0.8639010838128809,2.722062110843531,-0.13829446507933252,-1.330569345472018,0.018031170305728317,0.8601475478948135,-2.3325259645953897,1.5483699487986513,2.1116746277237732,2.0654991574165695,2.3430409944725366,-0.7089456194654331,-0.3371688098008887,-2.390511144323003,-1.6451584654125893,2.8279228156392664,-1.2922561861875874,2.444376853445984,2.343313718269867,2.5350269835623607,-2.0631026133552313,2.278332861008286,0.7919697027788226,-1.7362309294871854,-0.9293045113195131,-2.0404872684643007
29,-0.3339110553232367,-2.4973502769272367,-2.008089057118561,-1.8168219211999843,1.146164049340225,0.4428172149921177,2.239938804220393,-1.5321956056847514,0.7776477403134789,-2.793412408157426,0.09719076646241387,2.1793588902830976,2.9047592633095007,-2.940762147846489,-1.4829511075391093,-1.656901978034848,-2.714774434633437,-2.9389652624293463,-0.05882812653460956,-2.7271071259782356,-1.330031214918588,0.8398474146534736,-1.2318477506345746,-1.3820717930456914,0.5432791334614024,-0.7167955367421595,1.2151382037684053,-0.023256292500833275,0.7992555948388649,-0.8796339179902235,-1.277736323066948,-2.2007573174933883,2.622482308793786,1.8290150760947679,2.6281712589381145,-1.8877168521131862,2.598934576939353,2.614519246152799,-1.298732918378073,-1.3521945094568222,0.3085894420402351,-1.888264563788686,-0.34739333623940505,-1.8880941243738936,2.6842555077237558,-0.0370520550534863,2.7835066045439874,0.8696500350732705,-0.09410536180568663,2.8061714757671847
30,-2.140861309747423,0.7939792479989798,0.9713302070207854,-0.3969610370836443,-2.6438566479662553,-0.04366439300380032,-0.20919633889153522,1.840480864649181,-1.4600340602821424,-0.6514178220943885,-1.5589667566717367,1.1186604910341842,2.9393007200226933,-1.9354227787904286,1.928680441357784,-1.6140686443102001,-2.652145119763398,-2.1671008917259584,2.610918693254332,2.3312526201373682,-1.26443702710254,2.686584396609641,2.099583211388514,-0.3920712355699587,-0.19170267080116332,0.779118129500536,-2.0518089902171237,-2.9113074795474425,-1.406927895165685,-2.9073382083434347,1.0469930649735453,0.3088130148766588,-1.070111126383334,1.6812140227185512,-2.1252874127113377,-1.5307161674286984,-1.2461174277642977,-1.824408321006047,-2.47236789737638,2.2198570816296446,-2.47086812657094,1.1022620149298277,-2.2775947388536597,-2.935805981134955,0.3436093804494824,2.442654331322224,2.1627400040213107,-0.9692916952905,-2.8370470240448267,1.8051561307801993
31,1.8359095937379957,2.210928697816633,1.0178795992531988,1.8466731738904585,2.3849896938169213,-0.27702029705992626,0.346951822289463,0.03678677296940869,1.1519034271453128,1.0974412057792495,0.12188181517989882,1.9708088885128277,0.03467632073919891,1.9491513743113913,-1.3089294711405424,-1.9290310021350705,2.8192234220682844,1.4516371527364607,-1.4412498401735128,0.4874120537470299,2.7315735212291212,-2.5154765531275274,-2.4987947576295535,0.7148089885194433,-1.6530391269842537,1.5911037404010493,0.40891525769463044,0.9971285413409712,-2.3531165952324455,-2.4943016913806595,0.7507264098329376,-0.5416124331958772,-2.476484856768109,-0.7736163299028656,1.0328664579410916,-1.8624755988504857,2.374374651172225,2.699078333280524,2.7694352546072025,1.3804953464415615,-0.5622694338701093,1.4624951781073179,-1.2720787243514908,-1.1134966656555227,0.6353781673071479,0.5690828004475055,2.271965857894866,-1.4723954660365384,1.5971301912169302,2.646079600913408
32,-2.993802404053592,-0.14346529198737112,0.9422419741483758,2.059939283517135,-1.8975635287439896,2.1369554279242307,-0.8138071208578324,2.353643575657035,-2.83372955926581,-2.4876591652609763,2.888462794524675,0.6570115546409796,-0.49420591911490064,-1.9847148918378568,0.8994069185381397,-2.778149589843853,-1.130316519235772,-1.059124818065548,0.6446513610873215,0.9049875400541825,2.0763275954188156,2.5654856555852605,0.962746365666598,0.46904351045122894,-0.6077067382259496,2.7996749558528524,-2.0755249690058557,2.3705208518918903,-1.133921592690951,0.29093453799662417,1.092397550596889,-1.5811820920430677,-1.9935798896983703,0.050892080577695786,1.7511832535080298,1.1544867730024535,-2.286159976961911,2.404453290430398,-0.12157459770506973,2.6800600754378854,0.32060223748959427,-2.4911890700378825,-1.7852217859527864,2.1254278374982967,1.235564200588315,2.3696371209175453,-1.0251239892342014,0.168008379825757,0.9023887949047191,0.5657451215199867
33,-1.6112223867945132,-0.43907190331058654,-1.5113312156389511,2.0736897733868727,2.9200646698084958,-2.6005751812057243,1.2835681936017682,-1.0193066868055543,0.7526122698685977,-1.451222104308774,0.9060456558509706,-0.773116893223623,-1.231074722778218,2.4705790421867926,2.654993245357245,0.6813001593608128,-1.7131933150158443,2.636513225436956,1.5027212803399443,1.506538843936836,-1.7296719909090827,1.980939156973796,-1.5594290750327395,0.7897244715009615,1.2644374193975176,1.4543005782426102,-0.6584117724025145,1.5589523802965841,2.4176154127302594,0.5245201154254615,-2.4575417058312086,-2.226144095146344,-2.3684248400232786,-1.9636352200627198,-2.24141465826189,1.669805340405766,-2.7635309268933343,-1.5506494959548158,2.274398408150793,2.8411131650177612,0.6325320463622885,2.857429587362331,-2.7392907497101393,2.691436610256045,-1.1322235052629972,1.7938370421695584,1.8637746206814096,2.1599915494820694,-0.24869513458499348,2.5838663529926897
34,-1.4526420934377606,2.6066729551775083,0.7147177995099634,2.9126694896689838,-2.804136804224446,1.3509999529962506,0.39332541228228646,-0.04545571561008277,-1.444691246095578,-1.0390158908017493,-1.5032267597916735,-1.6843925380496354,1.7979650251490327,0.014370035389550395,-2.5008606678180136,1.661905152164282,0.20189445650238547,1.4363267240782918,0.092362158858728,-0.6003244560892096,2.9174806946177707,-2.830544279022524,2.5965834477891496,2.5851298065598076,-0.6544877309912516,-1.7132107732000812,0.7152797875994339,-1.9321659871789834,1.81924916596805,-1.4763968647335888,-1.2551630698039324,2.4954947400597423,2.417501000846454,0.21228535038313012,2.177033883471694,-0.8848045871696293,2.987305669349414,-0.3978615635701379,-1.2311279292090278,-2.7505545963049967,2.9382417227204503,-0.21067421452906565,1.4075100843022241,0.844845744275248,1.3385603979960585,-2.693334577043302,2.520272432458282,2.5610473074134488,0.31197016292518276,2.7834953321073064
35,-1.3142667780577952,0.6128797628192713,-0.6212238596842568,0.7681393905313696,-1.1962062688575112,1.916150307936121,-2.581284128974749,-2.7487345782000223,-2.703621692200114,-2.097269829794019,-0.6278971572318577,2.732339935543048,-2.3352273618242627,0.8853179148985628,0.1657290507380953,-0.880545564101646,-1.810804624078849,-1.6764355089159855,-2.7370709416371186,1.2789838389588866,0.9230411951775297,-0.33738124365166566,1.3136369285390614,-2.3401441653280775,2.6323150402135864,2.085760255436325,0.9542139579952997,-0.727012988029609,-0.5005996259115153,-0.10707646705519558,2.611702620040804,2.181557729508616,-0.13245690470064364,0.3271109896690021,2.252423173675931,2.6955866026337407,0.8351085352094758,1.4911219205385216,-0.8902505618373442,2.5081699145170795,2.020512299122988,0.31233528734857696,2.205763257691042,2.0992312886419935,1.8504681396368508,-2.2158430536156715,0.21601544893087254,2.4046986882414956,1.6249909833229816,-0.47572080584884935
36,2.8672823601597948,-1.4953610599619864,-0.9983386269126138,2.7252030445775333,1.8522920891117378,2.402040027063971,-2.930462463540629,-0.7214134017960312,-1.5868682603407842,-1.224389688675532,1.4279729784230453,1.3445090691844443,-0.22920353880563127,-0.8083532327574376,0.5081496780271548,0.202246527805658,0.303477354047172,0.6928624266879466,-0.6261103663947072,1.6303108944927498,-1.4927808999036802,0.9345646074201959,2.762382889320109,-2.9786714372134435,1.340166266365837,-2.3460297964221377,0.2627249499829514,0.7614961000820077,-1.5423172453751932,2.483063251479649,0.7338751721497068,-1.6098318516308407,1.620793125598845,-2.3669575200159914,0.33135191118806695,-2.4302635811850513,0.485904436050117,-1.4821193236788697,0.8968008477284779,1.2949617171490804,0.14511368741196717,0.9451284462186607,1.8797630719503342,1.8450736298581925,0.7180919523231766,-0.29338522727535077,-0.5523000657157953,2.2484857194261805,1.217590392686228,-1.8903898657595901
37,0.3943928797755798,2.4528481938003415,-2.095860046510373,2.0731060531842385,1.921214797892099,-0.003953392212992846,-2.774496891085781,-2.1149849676183874,2.5358321681320275,-2.7350712238088253,-0.7650074015678427,0.7142378083528254,-1.8183117665158999,2.8864785434417835,-2.0641486017394657,0.23807517096764652,0.7080679460798676,-1.6140603079817766,-0.20214606474395147,-0.05394882520242472,1.6011742579592516,0.8056845166432405,-0.19469968160796247,1.0016552591638508,-0.2797354408668098,0.15426954804845794,0.9514082493501714,-1.9128277082768301,1.7282973070338432,0.6171920252303842,2.8819973108239667,-1.6657008388129455,-0.2024011550005591,2.373850815596679,0.6086004581927287,1.3557530750928901,-0.5179790147918384,1.1058577309879194,2.6763301790853795,-1.7988836055640676,1.8441915832639229,2.817228072599379,-2.91258760942001,-1.7087424804334346,-2.295738478121222,1.6045411064487194,-2.5127004843436005,2.990481351545445,-0.6623279047241688,2.431216595598242
38,-1.868534379003193,-0.3547668010662548,2.0688709140372215,0.571618684039537,-0.22705141985185762,0.07589848054270565,0.4433131613540846,-0.35808475448644117,-1.838646253657137,-2.3162054312448817,-2.092632435779112,-2.6850542168811966,0.35205846638178917,2.086326084216064,-0.8452839664553355,-2.548134764185093,-0.4456535280893026,0.6120470308320081,-0.44757920654617456,1.8643274016442204,2.651317477120232,2.219464639610127,1.223996989679331,-0.17820645130694857,1.0961882574195077,-2.919490136660823,2.894868711012263,-1.9675360090266243,2.4375623757700913,1.842659409996637,1.800838106321926,-1.3863836532896106,-1.6850771654564516,-0.4271958425154674,2.0962266043839293,-0.2977221451696783,2.612520684042371,-0.8839240364895717,0.716352994180558,2.884194218134681,0.8607751334448297,-2.7270107037563776,-0.21865745428972883,-0.9914919377180174,0.1930892911300477,-1.2915227483212117,-2.2664326186199832,1.009733932504811,1.0881585293478375,2.2028357999945305
39,-2.2057110386235754,1.7917218496681855,1.960612430430774,0.8792996145069116,-1.770467125316197,-1.4314757135649725,-0.489019094764946,0.2507944366963879,-0.13537226644669786,-0.1952406477277835,2.039044261186004,2.2206141918454065,1.9005237862606004,2.2668085118081978,0.4260525716224386,2.784216800034491,0.6392660895028062,0.6236864464780885,-1.084213577552287,1.0872251047021138,-2.688205868967834,-2.1927214739283465,-2.2185469945634093,0.9312077233484142,-1.9480044493719701,-0.9531190604907165,-2.7341300650013727,-1.5975938393009363,2.785345949095765,0.05483641509820636,-2.0935528891714084,0.13805119040678537,2.6610563034664843,2.1941160840380043,-0.6476047864176788,-1.296794904159584,1.5703791761564503,-1.5570940511814733,-1.4746058720558857,-2.495481874920423,2.1848645685841612,-0.3126065062783212,0.37071756365984143,1.4202657461611192,1.778933202787174,-0.31495116605811724,-1.89523466294521,1.972397109169811,-2.814012241030465,2.680369617647715
40,0.46186707886500944,2.252332430704122,0.6513926218413522,-1.4900424950860578,-1.2232204590245737,0.1975353541899194,2.7724692770825605,-1.893026373058934,0.05939026885865406,-0.9372713793789336,1.6183520697431142,1.8171989185945439,-0.45264053818670025,-1.775265000033985,-2.597463238026868,-1.808110413476631,-1.3655948992237068,0.5927335074552627,2.238500983646613,-2.230614366927082,2.749132450289376,1.0990250631248788,1.4517854140702813,2.8972847155259434,-0.5033953642911477,0.18950079537541065,1.0752777011743113,0.07725085553994804,-1.2053259320349865,-2.367691963619764,-1.2904071256671314,1.613117089726547,0.8446962267110769,1.807984219219155,0.10272319182255973,-1.6073998689219897,0.7677715618914158,-1.175967059866181,-2.8228275303478743,2.4199870609012537,-0.4777825871832895,-0.4432153174517266,1.4475104119911544,2.6907504258347616,-2.56490683172722,-1.9637934712063505,-1.065855065203736,-1.509454522018806,-0.02703011183284243,1.9467576647861007
41,2.1238344896530554,0.5749796523522095,-1.5589575970136,-1.8810438703638883,1.4603430744122345,-1.5767156541387142,0.23694534555929803,1.4956847227631513,-1.6305053723076843,-1.9529928745635359,-2.7615858805448923,-2.1145869738003147,2.1086334416819446,-2.372184529530249,-1.6581297268360933,-2.8034568015241375,1.0581398127076715,-1.6097811512116824,-0.5184496931894143,-2.1641929720576396,-0.7366962743309609,-0.4533752025623081,-0.16221028883992172,-0.46294912176832126,-2.383460616755014,1.635481599789264,-2.1767639790605315,-0.4542457540451279,-1.368263325283323,-1.1939523415205622,1.0345246355185953,0.10672034288048682,-1.8594776971203566,-0.1851933609997376,-0.9627547872221789,1.226983189488756,-1.643428785404706,2.0699288241500717,0.15737798934978198,0.003717437538534707,-1.477885158673919,-1.8830659815800161,-0.16908562357441959,2.8909465069515434,-2.2025625740290375,-1.2992254054316572,1.8038470457007367,0.9886613910645297,-1.3274495478393777,-1.112114359349329
42,-0.4803104735884256,0.6167205734537768,1.3160326033264527,2.1438020007073844,1.0866688227504584,-1.57810761316981,2.55432321201756,1.6871724040545963,-1.1557111174329342,-1.1702061501476209,2.2870099105734276,-2.2435291176168093,0.8007650054143536,-1.3337236051594548,1.9632019508358374,-0.8128593146646703,1.4001965668130048,-1.8454926575175672,-0.11132461475556354,1.8215677585861627,-0.6180707299657562,-2.030555760863461,0.8938933358918844,1.5199548353663541,-1.3188441877614379,-0.29182883260559045,2.4026934743163917,2.23191378714551,1.2431256587050932,0.5454035969424407,1.9042936223827542,2.445867876599034,-2.984954641992461,-0.6166334025974294,0.36845810231088905,1.4035388177092596,-2.475163426889739,-0.6014700739148129,-1.3222729233009067,-0.4589396813689022,-0.012128203960269701,0.9600913411563061,-0.022583166178324898,0.7228092036311429,0.4946391713353355,-0.4300056117668616,-2.9701418117324074,-1.832901516842389,-1.0787600742822672,-2.118131244870412
43,0.5919832896386144,0.6689968599576144,0.0005595575815773302,-1.0749065903948127,0.9195483121467265,-1.8582991039257377,-2.9647141113322304,1.4096521121037693,-0.3389769485763896,1.1870499362990898,-1.889739902178144,-2.624281188096507,-0.7313484793018725,1.1759790626729645,-2.3830897952741052,-1.8249945979500455,-0.2762840975608807,0.7268951381618765,1.5007454884139104,-2.34158987228606,0.747741642933847,-0.675836867133115,1.0205422124868422,-1.7786377340285904,0.16751278518438673,-1.9670246702644039,-2.887913964021748,-0.07829852145625704,-1.8949333406346416,0.8300599800203248,0.21944891604259764,1.6496722799864738,-0.6422405841947807,2.9367127850175176,0.09128817697244251,-0.12705959288716961,1.4966548245130173,0.4361297597544924,-0.8252080961998476,-0.0645312872391468,-1.8651697503669014,-0.6384995142188283,-2.820229484855709,-0.22482563794678256,-1.3531553231785751,0.16029516215169437,-2.824367271581325,0.3305205991330471,-1.2420126982298567,0.46494408608128435
44,1.3966191195682,-0.3579730392213736,0.9789409372917932,-1.5665402707787277,2.9915945315188797,-1.5427288702813948,2.6449704862891483,-1.6966814976538924,-0.0146136923695952,1.927061789356415,1.2995282807684054,1.2334824727240141,-0.35735664014569224,1.5250501527309561,2.5197214620891533,-0.351889528104973,0.16779290492820476,-2.603786495900176,-0.6553615579758438,-0.19656860200052462,2.3708262648214395,-2.3366553584673526,1.3868256191937993,0.2728270112923168,0.639212583099261,-2.8213023352226383,-2.119515721435323,-1.296100647202889,-2.970767712278364,1.0149467867828204,2.221547693535589,0.2818098556274453,0.25898428511522287,0.6943555716782237,-1.186910997505175,-0.7996081100343497,0.44963836366659926,1.8552995023040673,-1.7904201935509734,-1.0348556649102651,1.4575275023381824,-0.9544785052059472,-2.7143344277606696,-2.0618584279424903,-1.8368108420427192,-0.029325824632930875,0.810749766548029,2.2813198633114986,2.41521933853347,-1.15703538908943
45,1.520280438753515,-1.3054318166461645,-0.7885387814083442,-1.2436406274412188,-0.5178555828053919,-1.7117058259897167,-1.0860839611788657,-2.268481116659474,2.7781094375732076,0.02389805639269671,2.5386040955319835,1.4769608446405265,-0.25376827391748513,1.5277333518487906,0.7681384716415551,-1.177449395088788,0.12995588047963125,1.2738731738845752,-1.1681188113101595,-2.92486297868116,-1.3904230251843819,1.7804728535405046,2.5799585337810083,0.7519869294195303,-2.203155092517534,1.5454221554845269,0.16143207628406397,1.523214429727278,2.151670218420075,2.6852493066109453,0.9272252077369889,2.1255492590558793,1.455528346179281,1.3626071304220613,2.152744537601789,2.538018244521992,2.412456009149068,-0.625498430608916,-2.495872321207649,1.977442310748895,0.2335893198458061,0.25245692843473755,1.9510519833985178,-2.8080948937453565,2.2677625123509406,-2.792195991973678,1.1591673502703284,0.5249068761024551,0.85049508500158,-0.7555188735704634
46,-1.3472278400993754,0.05645148863257399,2.3149387028983295,0.3917380221934099,0.9788933487859008,-0.3517246142789947,2.832834522728713,1.4551347141102582,-0.8705849348953594,0.9211861959819565,0.2556984712303221,2.3043372742721164,-1.3496756936075298,-2.351595088965976,-1.8523676895529793,-0.6777226043694848,2.1243587696058874,-1.3749305169845005,0.7581528192521017,0.7413108062733498,-0.5517171879124279,-2.6979892220432893,1.469003238194956,-1.225646793456713,-0.6092508207057592,-0.7365625948169434,0.9816157900265612,-2.4820002791090157,0.2993395228318869,-2.907469065940465,2.898233901236501,0.5905633343280892,-0.6953146320226402,-2.1195124156351035,1.181269958620831,2.434850500239314,-1.0913474859322994,1.5989528679373786,-1.2750113877528741,2.74335205424636,1.2138945287688445,0.7500935591599269,2.5844083989008864,-1.3857456764884888,2.5416944780445645,1.0684976047438948,1.6281750432087714,0.4298120186097081,2.0034280649953997,1.1896907957511758
47,-2.1203477893385463,0.6747667717684491,-1.324077986302009,2.495272338403801,-1.8106062587390774,-1.285701027772183,-2.7140717701819264,-0.31452513569617135,0.34552689102667067,0.4413664954625718,2.432264279758038,-0.9155164031963698,-0.31482972245246854,2.1074259750089848,0.46097581939214916,0.9239576092664024,-1.3298440176341038,-0.0751721902449054,0.7257143254828335,-2.1996358191285603,-2.8025477004447934,-2.3195339932150434,-0.13523354196208182,-2.855839592215149,0.7572535748233302,-2.4145042921434934,-1.4942307737025255,-0.44104232486268913,-2.3050395197625058,-1.3766880372152015,-2.873521962986932,2.9102733216628165,0.6694416487284638,-0.7298769669885052,-2.840829893337305,-0.6609675097500949,-0.28464824168139424,2.586019162587017,-1.3289749689716601,0.6886913464997946,0.9910101274931602,-1.8842341812219665,0.03458009391859118,1.719004577159609,-2.420525793429519,0.6362117890137728,-2.8436404038696406,-2.9577196571395463,-2.642828357159572,-0.11159724510578162
48,2.554224652141386,-0.5666556951658546,-2.549804163980755,2.168114846898172,0.11578551282264149,-1.0863847864954554,2.778194032708054,2.6295706110142696,-1.439886168259846,-1.7916488777176784,0.5334522198364633,2.0551092590493534,-0.9796734615296705,0.5185765287855695,-2.0265300031271534,-1.832437588571149,1.5680112959525738,-2.0994092318877002,-1.4045577537130352,1.136969179066016,-2.9094641542021256,-2.806833576788577,-1.2748443598558281,-0.9802609169262055,-0.8267033668199328,1.843143453081117,-2.784114194048149,-0.8496285322480492,0.8296687996009453,-2.1419753428900643,2.1464316870686435,0.8733864496405968,-2.3082394471198375,-1.7514155400063167,1.4729899844889882,-0.5795602299949629,-0.09317963430895926,2.324730468436365,-2.1753387022546145,2.7862367843167055,-2.7442219092205207,-2.4033584564706914,-1.660569414357339,1.8395104935630844,-0.2647631557829855,0.9195068535679165,-1.9540731748809765,-1.9996684024408304,0.12509004332273488,1.4417618116813298
49,-0.22515320870982958,2.217684510726677,0.9624716080238418,-1.5054594692884031,-1.5905866751873707,-0.7557196987975825,1.5396963377773032,2.6276259858586934,2.171435995912997,-1.4303352439024695,-0.526326432128581,0.6692645967019288,0.2810067348948504,-0.6643503275462059,-2.3914753387123397,1.2734688263835334,-2.471189016447397,2.1964645762423176,2.180690641995808,1.250704749092236,-0.08145255715388355,1.1948793924774996,-0.6300776393894094,1.784975905760092,1.718502493679086,-2.06682849675827,-1.0930946978964133,-0.9361009392840582,-0.8149782080788452,0.3998733401273924,-2.7498753448782733,0.9598183137833947,-1.790209445660194,-0.5012246629613513,-0.2946440609958003,-0.9076393827141245,-0.7003181392319249,-1.9181636349134439,-2.5912196556355536,0.30753989361510925,0.5752016736999064,-2.1270012646697474,-1.6143497500672552,-1.2817372107757055,1.9845082014265545,-2.079474353025526,0.3128328453208886,0.40883830615315464,-0.9394794413479666,-0.8962968641582783
